code,category,short,terms
Y1,,,"Academic Learning & Achievement What young people learn and how they progress through school: demonstrated learning by subject, the behaviors and beliefs that shape learning, and school and postsecondary status. All academic outcomes live here, in three categories."
Y1.1,A. Subject learning,Literacy,"Literacy: Reading & Writing Literacy Subject learning A demonstrated gain in reading (phonics, fluency, vocabulary, comprehension, reading level) or in writing and composition in any genre. Reading level, fluency, comprehension scores; reading or ELA test proficiency; writing quality, essays, published writing presented as a writing skill."
Y1.2,A. Subject learning,English language development,"English Language Development & Multilingualism English language development Subject learning Growth in English proficiency for English learners (listening, speaking, reading, writing), or maintenance and development of a home language alongside English. ELP level gains, reclassification, WIDA/ELPAC-type scores; bilingual or home-language maintenance for youth."
Y1.3,A. Subject learning,Mathematics,"Mathematics Mathematics Subject learning A demonstrated gain in math skill, problem-solving or grade-level math proficiency. Math test scores and proficiency; specific math skills; math used in money contexts when the outcome is the math."
Y1.4,A. Subject learning,"Science, technology & engineering","Science, Technology & Engineering Science, technology & engineering Subject learning A demonstrated gain in science (life, physical, earth, environmental), engineering design, or computing and coding, including digital-literacy skills. Science test proficiency; ecosystem or ecology knowledge; engineering design process; coding, computational thinking, digital skills."
Y1.5,A. Subject learning,Other academic subjects,"Other Academic Subjects Other academic subjects Subject learning A demonstrated gain in history, geography, economics, world languages or another academic subject not covered by Y1.1-Y1.4 or Y1.6. History and geography content; economics concepts; a world language learned by a native English speaker; other ESSA well-rounded subjects."
Y1.6,A. Subject learning,Arts learning,"Arts Learning Arts learning Subject learning A demonstrated gain in technique, vocabulary or knowledge of an art form (dance, media arts, music, theatre, visual arts). Instrument proficiency; dance or art vocabulary; juried or assessed artistic skill."
Y1.7,A. Subject learning,Critical thinking & media literacy,"Critical Thinking, Inquiry & Media Literacy Critical thinking & media literacy Subject learning Analyzing and evaluating information and sources, research and inquiry skills, and media literacy, in any subject. Evaluating source credibility; identifying misinformation; research projects framed as inquiry skill; analyzing conflicting sources."
Y1.8,A. Subject learning,Early learning & school readiness,"Early Learning & School Readiness Early learning & school readiness Subject learning Early language, literacy, math and cognitive development, and kindergarten readiness, for children below kindergarten age. Pre-literacy (letter recognition, phonemic awareness); early numeracy; readiness assessments; broad developmental milestones on screeners such as the ASQ."
Y1.9,B. Learning behaviors & mindsets,Academic engagement behaviors,"Academic Engagement Behaviors Academic engagement behaviors Learning behaviors & mindsets Observable participation in schoolwork: homework completion, being prepared, class participation. Homework completion rates; asking questions and taking part in class discussions; coming prepared."
Y1.10,B. Learning behaviors & mindsets,Academic perseverance,"Academic Perseverance Academic perseverance Learning behaviors & mindsets Sticking with difficult schoolwork or learning tasks despite setbacks, including task persistence in young children. Persisting on hard problems; not giving up on assignments; early-childhood task persistence."
Y1.11,B. Learning behaviors & mindsets,Learning strategies,"Learning Strategies & Study Skills Learning strategies Learning behaviors & mindsets Using specific methods to learn: note-taking, planners, test preparation, self-quizzing, metacognition. Named study techniques; planning schoolwork with a tool."
Y1.12,B. Learning behaviors & mindsets,Academic mindsets,"Academic Mindsets & Self-Efficacy Academic mindsets Learning behaviors & mindsets Beliefs about oneself as a learner: academic self-efficacy, belonging in academic work, and growth mindset about intelligence or ability to learn. 'I can succeed in this class'; believing intelligence or math ability grows with effort; confidence in academic abilities."
Y1.13,C. Educational progress & attainment,Attendance & school stability,"Attendance & School Stability Attendance & school stability Educational progress & attainment A student's school attendance, chronic absence, or staying enrolled in school through disruption (homelessness, foster placement changes, pregnancy). Attendance rates for participating students; chronic absenteeism; remaining enrolled or in the school of origin."
Y1.14,C. Educational progress & attainment,Exclusionary discipline,"Exclusionary Discipline Exclusionary discipline Educational progress & attainment Suspensions, expulsions, office discipline referrals, and alternatives that replace them. Fewer suspensions or referrals; restorative alternatives to suspension; school-level suspension rates."
Y1.15,C. Educational progress & attainment,"Grades, credits & on-track","Grades, Credits & On-Track Status Grades, credits & on-track Educational progress & attainment Course grades, GPA, course passing, credit accumulation, promotion, 9th-grade on-track status, and 'academic performance' or test scores with no subject named. GPA; passing core classes; credits for promotion; unspecified academic achievement."
Y1.16,C. Educational progress & attainment,Advanced coursework,"Advanced Coursework & Dual Credit Advanced coursework Educational progress & attainment Enrolling in or completing advanced courses: AP, IB, honors, advanced STEM electives, dual enrollment and college credit earned in high school. AP/IB/honors enrollment; dual enrollment; college credit before graduation."
Y1.17,C. Educational progress & attainment,High school completion,"High School Completion & Re-engagement High school completion Educational progress & attainment Graduating from high school, earning a GED or equivalency, or re-enrolling after leaving school. On-time graduation; GED; re-engagement after dropout or release."
Y1.18,C. Educational progress & attainment,Postsecondary enrollment & completion,"Postsecondary Enrollment, Persistence & Completion Postsecondary enrollment & completion Educational progress & attainment Enrolling in, persisting in, or completing college or other postsecondary education or training after high school. College enrollment the fall after graduation; first-to-second-year persistence; degree or certificate completion."
Y2,,,"Engagement, Interest & Creative Expression How young people experience learning and activities: enjoyment, curiosity, lasting interest, seeing relevance, creative expression, and choosing to take part."
Y2.1,A. Enjoyment & interest,Enjoyment,"Enjoyment & Joy Enjoyment Enjoyment & interest A positive emotional experience of the program or of learning: fun, happiness, excitement, pride in being part of it. Reports of enjoying activities; excitement to attend; pride in the program."
Y2.2,A. Enjoyment & interest,Curiosity,"Curiosity & Triggered Interest Curiosity Enjoyment & interest Interest sparked in the moment: curiosity, asking questions about something new, willingness to try a new activity. Asking questions during a demonstration; trying new activities; showing curiosity."
Y2.3,A. Enjoyment & interest,Sustained interest,"Sustained & Individual Interest Sustained interest Enjoyment & interest Interest that persists, deepens or becomes the young person's own: a passion, returning to a topic, pursuing it beyond the program. Discovering a passion; continuing an activity after the program; self-directed pursuit of a topic."
Y2.4,A. Enjoyment & interest,Relevance & utility value,"Relevance & Utility Value Relevance & utility value Enjoyment & interest Seeing learning as useful for one's goals, future plans or community. Explaining how a subject connects to careers or daily life; valuing what is learned."
Y2.5,B. Expression & participation,Creative expression & performance,"Creative Expression & Performance Creative expression & performance Expression & participation Self-expression through making something (art, music, writing, design), presenting or performing finished work, or responding to art, as an experience rather than a stated skill gain. Composing, creating, exhibiting, performing, critiquing or connecting art to personal meaning."
Y2.6,B. Expression & participation,Participation in activities,"Participation in Enriching Activities Participation in activities Expression & participation An individual young person's choice to take part in constructive activities, inside the program (returning, joining) or outside it (sports, arts, clubs, faith groups). Returning for another year; joining a team or club; participating fully alongside peers; per-person participation thresholds."
Y3,,,"Belonging & Relationships The relationships around a young person: belonging, supportive adults, friends, family, and wider networks."
Y3.1,A. Connectedness,Belonging,"Belonging & Mattering Belonging Connectedness Feeling accepted, valued, included and safe in the program, school or a community; mattering; less isolation. Sense of belonging; feeling safe and accepted in program spaces; feeling connected to a new community; reduced loneliness."
Y3.2,B. Close relationships,Supportive adults,"Supportive Adult Relationships Supportive adults Close relationships A caring, trusting relationship with at least one adult outside the family (mentor, staff, teacher, coach), including its quality (care, challenge, support). Naming a trusted adult; a mentor who cares or challenges; permanent adult connections for youth in care."
Y3.3,B. Close relationships,Peer relationships,"Peer Relationships & Friendship Peer relationships Close relationships Friendships, peer acceptance and a positive peer group. Making friends; a supportive peer community; friendships across groups."
Y3.4,B. Close relationships,Family relationships,"Family Relationships Family relationships Close relationships The young person's own relationship with their family: communication, connection, repair, reunification. Reunification; rebuilding trust with family; better communication with parents as described from the youth side."
Y3.5,C. Networks,Social capital & networks,"Social Capital & Networks Social capital & networks Networks Access to, and use of, a wider network of relationships (adults, peers, professionals, employers) that can open educational or career opportunities. Expanding a professional network; introductions and references; contacts who can help with a goal."
Y4,,,"Social & Emotional Skills (CASEL) Social and emotional skills: what young people can do, organized by CASEL's five competencies. Beliefs about oneself are in Y5."
Y4.1,A. Self-awareness,Emotion awareness,Emotion Awareness Emotion awareness Self-awareness Recognizing and naming one's own emotions. Identifying feelings; using a feelings chart; naming emotions in hard moments.
Y4.2,B. Self-management,Emotion regulation & coping,"Emotion Regulation & Coping Emotion regulation & coping Self-management Managing strong emotions and impulses, and using coping strategies for stress, worry or frustration. Calming down; frustration tolerance; self-regulation; deep breathing or journaling to manage stress."
Y4.3,B. Self-management,Goals & self-discipline,"Goal-Setting, Organization & Self-Discipline Goals & self-discipline Self-management Setting personal goals and working toward them, and general organization, self-discipline and persistence outside schoolwork. Setting and pursuing goals; completing projects; keeping materials organized; follow-through."
Y4.4,C. Social awareness,Empathy & social awareness,"Empathy, Perspective-Taking & Social Awareness Empathy & social awareness Social awareness Understanding and caring about others' feelings and perspectives, expressing gratitude, and reading social norms and expectations in different settings. Perspective-taking; compassion; gratitude; understanding expectations in class, online and community settings."
Y4.5,C. Social awareness,Respect for diversity,"Respect for Diversity & Cultural Competence Respect for diversity Social awareness Respecting and including people of different backgrounds and identities, and examining one's own biases. Respect for peers of other cultures, religions, abilities; inclusive behavior; bias awareness."
Y4.6,D. Relationship skills,Communication & public speaking,"Communication & Public Speaking Communication & public speaking Relationship skills Expressing oneself clearly, listening actively, and speaking to an audience. Active listening; clear communication; presentations and public speaking."
Y4.7,D. Relationship skills,Teamwork & group leadership,"Teamwork, Collaboration & Group Leadership Teamwork & group leadership Relationship skills Working with others toward shared goals, including leading peers within a group task. Collaboration on projects; teamwork; taking turns leading a small group; leadership within a team activity."
Y4.8,D. Relationship skills,Relationships & conflict resolution,"Relationship-Building & Conflict Resolution Relationships & conflict resolution Relationship skills Building, maintaining and repairing relationships, and resolving interpersonal conflict constructively. Resolving disagreements without fighting; de-escalation; repairing a friendship."
Y4.9,D. Relationship skills,Help-seeking,"Help-Seeking & Offering Support Help-seeking Relationship skills Knowing where to find support, asking for help, and offering help to others. Willingness to seek help; naming resources to contact in a crisis; helping peers."
Y4.10,E. Responsible decision-making,Decision-making & problem-solving,Decision-Making & Problem-Solving Decision-making & problem-solving Responsible decision-making Weighing options and consequences and working a personal or social problem through from identifying it to acting. Pros and cons before a decision; structured problem-solving; anticipating consequences.
Y4.11,E. Responsible decision-making,Ethical & prosocial choices,"Ethical & Prosocial Choices Ethical & prosocial choices Responsible decision-making Making an ethical or prosocial choice in a specific situation, including small daily contributions to the class or program. Reporting bullying instead of joining in; standing up for a classmate; helping clean up the space."
Y4.12,E. Responsible decision-making,Risk avoidance & refusal,Risk Avoidance & Refusal Skills Risk avoidance & refusal Responsible decision-making Avoiding unsafe situations and resisting negative peer pressure. Refusal skills; leaving unsafe situations; resisting pressure to use substances.
Y5,,,"Identity, Confidence & Agency Who young people believe they are and what they believe they can do: identity, confidence, purpose and agency."
Y5.1,A. Identity,Self-understanding,"Self-Understanding & Identity Exploration Self-understanding Identity Understanding who one is, what matters to one, and how one is changing. Identity exploration; articulating one's values and experiences."
Y5.2,A. Identity,Cultural & social identity,"Cultural & Social Identity Cultural & social identity Identity Pride in, and acceptance of, one's own cultural, ethnic, linguistic, gender, sexual or other social identity. Pride in heritage; self-acceptance of sexual orientation or gender identity; bicultural identity."
Y5.3,A. Identity,Domain identity,"Domain Identity Domain identity Identity Seeing oneself as a certain kind of person in a field: 'a STEM person', an artist, an athlete, a reader, a writer. 'See themselves as' statements tied to a field."
Y5.4,B. Self-beliefs,Confidence & self-worth,"Confidence, Self-Efficacy & Self-Worth Confidence & self-worth Self-beliefs A general belief that one can succeed and handle challenges, including general growth mindset and self-esteem. Self-confidence; self-efficacy; self-esteem; naming one's strengths; growth mindset about setbacks."
Y5.5,C. Purpose & agency,Purpose & future orientation,"Purpose & Future Orientation Purpose & future orientation Purpose & agency A sense of purpose and meaning, optimism about the future, and aspirations, including spiritual purpose and growth in faith. Sense of purpose; hopes and goals for life; growth in faith or spiritual life."
Y5.6,C. Purpose & agency,Agency & self-advocacy,"Agency, Self-Determination & Self-Advocacy Agency & self-advocacy Purpose & agency Acting as the causal agent in one's own life: making choices, advocating for one's own needs, directing one's own supports. Self-advocacy in IEP meetings; leading one's own IEP; requesting accommodations; making and explaining one's own choices."
Y6,,,"Character, Values & Civic Life How young people relate to their community and its systems: values, civic knowledge, critical consciousness, civic action, environmental stewardship and digital citizenship."
Y6.1,A. Character,Values & character,"Positive Values & Character Values & character Character General character traits and guiding values: integrity, honesty, responsibility, sportsmanship, forgiveness, faith-grounded values. Honesty; responsibility; sportsmanship; living out values, including faith-based values."
Y6.2,B. Civic understanding,Civic knowledge,"Civic Knowledge Civic knowledge Civic understanding Understanding how government, civic institutions, elections and rights work. How a bill becomes law; branches of government; how the school board decides; voter registration process."
Y6.3,B. Civic understanding,Critical consciousness,"Critical Consciousness & Social Justice Critical consciousness Civic understanding Analyzing power, inequity and systems of oppression, and acting against injustice. Analyzing why food deserts or zoning inequality exist; articulating how systemic racism affects a community."
Y6.4,C. Civic action,Civic voice & participation,"Civic Voice, Leadership & Participation Civic voice & participation Civic action Influencing collective decisions and taking part in civic life: youth councils, testimony, advocacy, co-design, organizing, voting, and civic efficacy. Presenting to a city council; youth advisory boards; organizing campaigns; registering and voting; believing one can influence community decisions."
Y6.5,C. Civic action,Community service & action,"Community Service & Action Community service & action Civic action Organized service or projects to improve the community, including identifying a community issue and planning action on it. Service hours; service trips; food drives; community action plans."
Y6.6,C. Civic action,Environmental stewardship,Environmental Stewardship Environmental stewardship Civic action Caring for the environment and acting on it: pro-environmental behavior and connection to nature. Recycling and composting; reducing waste; stewardship; connection to nature.
Y6.7,D. Digital citizenship,Digital citizenship,"Digital Citizenship & Online Safety Digital citizenship Digital citizenship Safe, legal and ethical behavior online: privacy, security, recognizing scams, respectful conduct. Protecting personal information; strong passwords; recognizing phishing."
Y7,,,"Career & Economic Readiness Readiness for and results in work and independent adult life: career exploration, transition steps, work skills, credentials, employment, money skills and daily living skills."
Y7.1,A. Exploration & navigation,Career exploration,"Career Awareness & Exploration Career exploration Exploration & navigation Learning about careers and pathways, interest inventories, workplace and campus visits, and interest in or aspiration toward a career field. Researching careers; exploring pathways; interest in a STEM career; college visits."
Y7.2,A. Exploration & navigation,Transition knowledge,"College & Career Transition Knowledge Transition knowledge Exploration & navigation Knowing and completing the process of moving to college or work: applications, FAFSA, financial aid, resumes, interviews. FAFSA completion; college applications; comparing aid letters; resume writing."
Y7.3,B. Work readiness,Employability skills,"Employability & Workplace Skills Employability skills Work readiness Professionalism and workplace skills: punctuality, workplace communication, initiative, job performance. Professional conduct; supervisor evaluations; workplace communication."
Y7.4,B. Work readiness,Technical skills & credentials,"Technical Skills, Credentials & Work-Based Learning Technical skills & credentials Work readiness Industry-specific skills, recognized credentials and certifications, and completing internships or apprenticeships. Industry certifications; apprenticeship completion; trade skills."
Y7.5,C. Employment & independence,Employment & earnings,"Employment & Earnings Employment & earnings Employment & independence Getting or keeping a job, wages and earnings, and combined 'employed or in education' indicators. Job placement; paid work hours; wages; competitive integrated employment; WIOA-style combined indicators."
Y7.6,C. Employment & independence,Financial capability,"Financial Capability Financial capability Employment & independence The young person's own financial knowledge, habits and decisions: budgeting, saving, banking, credit, understanding pay and taxes. Budgets; savings accounts; reading a pay stub; understanding credit and interest."
Y7.7,C. Employment & independence,Independent living skills,"Independent Living Skills Independent living skills Employment & independence Daily living skills for self-sufficiency: cooking, scheduling, transportation, self-care away from home, and obtaining vital documents. Independent-living skill bundles; getting an ID, Social Security card and birth certificate; self-care at camp."
Y8,,,"Health, Safety & Well-Being A young person's own health and safety: daily health habits, motor skills, health knowledge, sexual health and health care; mental health; felt safety, risk behavior and justice involvement."
Y8.1,A. Physical health,Healthy daily habits,"Healthy Daily Habits Healthy daily habits Physical health Everyday health behaviors: physical activity and fitness, nutrition and healthy eating, sleep, hygiene, and recreational screen time. Minutes of activity; fitness; fruit and vegetable intake; healthy cooking framed as nutrition; hours of sleep; handwashing; less screen time."
Y8.2,A. Physical health,Motor & sport skills,"Motor & Sport Skills Motor & sport skills Physical health Fundamental movement, fine and gross motor, and sport-specific or outdoor physical skills. Dribbling and passing; swimming levels; running, jumping, throwing; fine motor skills; hiking or climbing technique."
Y8.3,A. Physical health,Health knowledge & safety skills,"Health Knowledge & Safety Skills Health knowledge & safety skills Physical health Health information and safety skills not covered by another health code: first aid, injury prevention, finding reliable health information, and health education content. First aid; outdoor safety; health class content; how to respond to an allergic reaction."
Y8.4,A. Physical health,Sexual & reproductive health,"Sexual & Reproductive Health Sexual & reproductive health Physical health Knowledge and behavior related to sexual health, STI and pregnancy prevention, and healthy relationships in that context. STI prevention knowledge; delaying pregnancy; accessing confidential services."
Y8.5,A. Physical health,Health care access,"Health Care Access & Condition Management Health care access Physical health Getting and using health care: insurance, preventive and dental or vision visits, screenings, immunizations, and managing chronic conditions. Enrolling in insurance; annual screenings; developmental screenings received; asthma self-management."
Y8.6,B. Mental health,Mental health symptoms,"Mental Health Symptoms & Distress Mental health symptoms Mental health Fewer symptoms of anxiety, depression, distress or behavioral problems in the young person. Lower anxiety or depression scores; fewer outbursts; less self-reported stress."
Y8.7,B. Mental health,Flourishing,"Flourishing & Life Satisfaction Flourishing Mental health Positive mental health: life satisfaction, flourishing, feeling restored or well. Life satisfaction; flourishing; general well-being."
Y8.8,B. Mental health,Trauma recovery,"Healing & Trauma Recovery Trauma recovery Mental health A young person processing trauma, feeling psychologically safe during recovery, and moving toward healing. Processing traumatic events; psychological safety for trauma-exposed youth."
Y8.9,B. Mental health,Mental health service use,"Mental Health Service Access & Use Mental health service use Mental health Being connected to and using counseling, therapy or crisis services. Referrals completed; sessions attended; connection to community providers."
Y8.10,"C. Safety, risk & justice",Felt safety,"Felt Safety Felt safety Safety, risk & justice Feeling safe at home, at school or in the neighborhood, not specific to the program. Feeling safe walking to school or in the neighborhood."
Y8.11,"C. Safety, risk & justice",Substance use,"Substance Use Substance use Safety, risk & justice Use, intentions or perceived risk of tobacco, vaping, alcohol or other drugs. Reduced use; delayed first use; lower intentions; higher perceived risk; knowledge of risks."
Y8.12,"C. Safety, risk & justice",Violence & victimization,"Violence, Bullying & Victimization Violence & victimization Safety, risk & justice Fighting, weapon carrying, bullying, harassment, dating violence and community violence, as perpetrator or victim. Fewer fights; less weapon carrying; less harassment; dating-violence warning signs."
Y8.13,"C. Safety, risk & justice",Justice involvement,"Justice Involvement, Diversion & Reentry Justice involvement Safety, risk & justice Avoiding justice-system involvement, completing diversion or probation, and reduced recidivism. No new adjudication; completing a restorative agreement; avoiding re-arrest."
F1,,,"Family & Caregiver Strengthening Caregivers and other adult participants: parenting and home learning, caregiver well-being and connections, adult education and system navigation, and the family's partnership with the program."
F1.1,A. Parenting & home learning,Parenting,"Parenting Knowledge & Practices Parenting Parenting & home learning Caregivers' child-development knowledge, parenting practices, parent-child interaction and parenting confidence, including teen parents. Knowledge of milestones; positive discipline; positive interactions; parenting confidence."
F1.2,A. Parenting & home learning,Home learning,"Home Learning Environment & Routines Home learning Parenting & home learning Family practices that support a child's learning and development at home: reading together, routines, homework time. Reading at home; bedtime and daily routines; homework space."
F1.3,A. Parenting & home learning,Family health practices,"Family Health Practices Family health practices Parenting & home learning Caregiver or household health practices for children: breastfeeding, safe sleep, well-child visits kept by the parent, family eating habits. Breastfeeding; safe sleep; well-child visits; family fruit and vegetable intake."
F1.4,B. Caregiver well-being & support,Caregiver well-being,"Caregiver Well-Being & Resilience Caregiver well-being Caregiver well-being & support The caregiver's own stress, mental health and resilience. Reduced parenting stress; lower caregiver depression; resilience."
F1.5,B. Caregiver well-being & support,Caregiver connections,Caregiver Social Connections Caregiver connections Caregiver well-being & support Caregivers building supportive relationships with other parents or their community. Parent friendships; peer support groups.
F1.6,C. Adult development & navigation,Adult education & employment,"Adult Education, Skills & Employment Adult education & employment Adult development & navigation The education, training, English proficiency, digital or financial skills, and employment of a caregiver or other adult participant. GED or job training for parents; adult ESL; digital literacy for family members or older adults."
F1.7,C. Adult development & navigation,Navigation & rights,"System Navigation & Rights Knowledge Navigation & rights Adult development & navigation Families knowing their rights, knowing where to turn for help, navigating school or service systems, and getting connected to resources. IDEA rights knowledge; understanding enrollment and health systems; connecting to resources; knowing where to turn in a crisis."
F1.8,D. Family-program partnership,Family-program trust,"Family Connection & Trust with the Program Family-program trust Family-program partnership The family's relationship with and trust in the program or school, and communication between them. Families feeling welcome; trust in staff; feeling connected to the school community."
F1.9,D. Family-program partnership,Family participation & leadership,"Family Participation & Leadership Family participation & leadership Family-program partnership Families attending, volunteering or taking part in program or school decisions. Serving on advisory councils; attending workshops (per-family thresholds); volunteering."
F2,,,"Basic Needs & Economic Stability The material stability of a household or of a young person living independently: income and benefits, food, housing."
F2.1,A. Economic stability,Income & benefits,"Income, Benefits & Financial Stability Income & benefits Economic stability Household or independent-youth income, public benefits, and financial stability. Household income; SNAP/TANF/Medicaid enrollment; household savings."
F2.2,B. Food & housing,Food security,Food Security Food security Food & housing Having enough food and access to healthy food. Reduced food insecurity; fewer skipped meals; less reliance on emergency food.
F2.3,B. Food & housing,Housing stability,"Housing Stability & Safe Living Situation Housing stability Food & housing Securing or keeping safe, stable housing, for a household or a young person living independently. Exits to stable housing; avoiding eviction; keeping a lease; reduced rent burden."
A1,,,"Staff & Volunteer Capacity The adults who serve young people: what they learn, what they change in practice, and whether the workforce is stable and well."
A1.1,A. Staff learning & practice,Staff learning,"Staff & Volunteer Knowledge & Skills Staff learning Staff learning & practice Staff, volunteers, mentors, coaches or case managers gaining knowledge or skills. Training outcomes; staff confidence; volunteers' understanding."
A1.2,A. Staff learning & practice,Practice change,"Practice Change Practice change Staff learning & practice Adults applying new practices, including trauma-informed care. Implementing a curriculum or screener; adopting restorative or trauma-informed practice."
A1.3,B. Workforce,Workforce stability,"Workforce Stability & Well-Being Workforce stability Workforce Staff retention and turnover, and staff well-being. Turnover rates; retention; burnout."
A2,,,"Program Quality, Access & Reach The program itself: quality, satisfaction, access and inclusion, reach and dosage (outputs), and systems for engaging families."
A2.1,A. Quality & experience,Program quality,"Program Quality Program quality Quality & experience Observed or assessed program quality (safe, supportive, interactive, engaging environment) and accreditation. YPQA or similar scores; accreditation; a more welcoming or affirming environment."
A2.2,A. Quality & experience,Satisfaction,Participant & Family Satisfaction Satisfaction Quality & experience Participants' or families' satisfaction with the program and their perceptions of its quality and safety. Satisfaction ratings; parents' confidence in program safety.
A2.3,B. Access & inclusion,Access to resources,"Access to Resources Access to resources Access & inclusion Providing materials, devices, connectivity or facilities, including counts of resources distributed. Laptops and hotspots; home internet; facilities access."
A2.4,B. Access & inclusion,Inclusion & language access,"Inclusion, Accommodations & Language Access Inclusion & language access Access & inclusion Removing barriers so that all participants can take part: accommodations, accessible formats, interpretation and translation. Sensory kits and visual schedules; accessible materials; interpreters; home-language communications."
A2.5,C. Reach & engagement systems,Participation & reach (output),"Participation, Dosage & Reach (Output) Participation & reach (output) Reach & engagement systems Program-level counts, rates and dosage: youth served, attendance rates, sessions, match length, training hours, and services staff delivered. Number served; average daily attendance; match duration; sessions delivered; applications submitted by staff."
A2.6,C. Reach & engagement systems,Family engagement systems,"Family Engagement Systems Family engagement systems Reach & engagement systems The organization's systems, events or policies for engaging families. Creating a parent advisory council; family engagement policies; family events offered."
A3,,,"Systems, Policy & Community Conditions Change beyond one program: policy and institutions, cross-sector partnerships, and community conditions."
A3.1,A. Policy & institutions,Policy & institutional change,"Policy & Institutional Change Policy & institutional change Policy & institutions Changes to policy, funding or institutional practice in schools, districts, cities or states. New ordinances; district policies; dedicated budget funding."
A3.2,B. Partnerships & community,Partnerships,"Cross-Sector Partnerships Partnerships Partnerships & community Shared agendas, shared measurement and coordinated partnerships across organizations and sectors. Data-sharing agreements; shared data systems; coalition collaboration."
A3.3,B. Partnerships & community,Collective efficacy,"Community Conditions & Collective Efficacy Collective efficacy Partnerships & community Neighborhood cohesion, trust and willingness to act for the common good. Residents' trust; willingness to intervene for youth safety."
